ROC-AUC,TPR@0.01%FPR,TPR@0.1%FPR,TPR@1.0%FPR,Experiment
0.49669773450103516,0.0005282620179609086,0.0005282620179609086,0.013206550449022716,machine_default
