ROC-AUC,TPR@0.01%FPR,TPR@0.1%FPR,TPR@1.0%FPR,Experiment
0.5071035579900249,0.0,0.0010573059843518714,0.012159018820046521,machine_default
